Date,Time,Name,Text
10-04-2023,9:26 AM,Priya,The canteen menu has changed today
10-04-2023,9:27 AM,Priya,<Media omitted>
10-04-2023,9:32 AM,Priya,I love how you always make time for me
10-04-2023,10:13 AM,Arun,You are so cute when you smile
10-04-2023,10:31 AM,Priya,Missed video call
10-04-2023,11:08 AM,Arun,Did you fix the production issue
10-04-2023,12:48 PM,Priya,Did you push the code to git
10-04-2023,13:01 PM,Priya,Missed voice call
10-04-2023,14:07 PM,Arun,I love your charming and witty personality
10-04-2023,14:17 PM,Priya,You are so gorgeous it is unbelievable
10-04-2023,14:31 PM,Arun,You are the most captivating person I know
10-04-2023,14:44 PM,Priya,You are the most wonderful person in my life
10-04-2023,15:08 PM,Priya,Can you drop me at the station
10-04-2023,17:12 PM,Arun,I adore everything about you
10-04-2023,17:20 PM,Arun,I love how you always make me smile
10-04-2023,18:26 PM,Priya,The library books are due tomorrow
10-04-2023,18:47 PM,Priya,The server is down since morning
10-04-2023,19:20 PM,Arun,I love your warm and loving heart
10-04-2023,19:35 PM,Priya,You are so pretty it takes my breath away
10-04-2023,20:24 PM,Arun,The system is running very slowly
10-04-2023,22:42 PM,Arun,Can you send me the report by tomorrow
10-05-2023,8:02 AM,Priya,I need to complete the tax filing
10-05-2023,8:41 AM,Arun,You are so divinely beautiful
10-05-2023,8:42 AM,Priya,You are my sunshine on a cloudy day
10-05-2023,9:04 AM,Arun,I have a headache since morning
10-05-2023,9:15 AM,Arun,You make everything better just by being there
10-05-2023,11:51 AM,Arun,Did you check the flight timings
10-05-2023,12:56 PM,Arun,You deleted this message
10-05-2023,14:56 PM,Arun,Can you help me move this furniture
10-05-2023,15:28 PM,Arun,The printer is not working today
10-05-2023,16:31 PM,Arun,Did you finish the assignment
10-05-2023,17:20 PM,Arun,Did you call the plumber
10-05-2023,18:53 PM,Priya,Can you book the tickets for tomorrow
10-05-2023,20:55 PM,Arun,I love how you always make me feel loved
10-05-2023,21:02 PM,Priya,Every time I see you I fall for you again
10-05-2023,21:29 PM,Arun,Did you complete the testing
11-05-2023,8:07 AM,Arun,I have a meeting with the client today
11-05-2023,8:32 AM,Arun,I love how you always support me
11-05-2023,9:44 AM,Arun,I need to optimize this query
11-05-2023,9:45 AM,Arun,I have to pay the school fees today
11-05-2023,10:16 AM,Arun,I think about you all the time
11-05-2023,10:23 AM,Arun,My heart beats faster when I see your name
11-05-2023,10:28 AM,Priya,You are so magnificently charming
11-05-2023,11:12 AM,Priya,You are so gracefully beautiful
11-05-2023,12:07 PM,Arun,The meeting is at 3pm today
11-05-2023,12:24 PM,Arun,I have to attend the standup meeting
11-05-2023,15:39 PM,Arun,You are so brilliantly beautiful
11-05-2023,16:45 PM,Arun,The food at the canteen was okay today
11-05-2023,17:13 PM,Priya,I need to update the requirements file
11-05-2023,17:47 PM,Arun,I forgot to bring my lunch today
11-05-2023,18:20 PM,Arun,You are so sweet and kind hearted
11-05-2023,18:56 PM,Priya,You are so special to me
11-05-2023,20:59 PM,Arun,I need to fix my laptop
11-05-2023,21:05 PM,Arun,I need to create a new branch
11-05-2023,22:15 PM,Priya,I love how you always make me feel complete
12-05-2023,8:25 AM,Priya,You are the most enchanting person I know
12-05-2023,9:32 AM,Priya,I have to complete the feature by EOD
12-05-2023,10:59 AM,Arun,You are the most phenomenal person I know
12-05-2023,12:10 PM,Arun,The internet is very slow today
12-05-2023,12:33 PM,Priya,You are so incredibly sweet
12-05-2023,12:52 PM,Arun,The weather is very hot today
12-05-2023,13:01 PM,Arun,I love your beautiful heart
12-05-2023,13:27 PM,Priya,You are so beautifully unique
12-05-2023,16:12 PM,Priya,You have the most beautiful eyes I have ever seen
12-05-2023,16:27 PM,Priya,Can you update the project documentation
12-05-2023,16:30 PM,Arun,Can you forward the email to me
12-05-2023,16:48 PM,Arun,You are so irresistibly attractive
12-05-2023,17:04 PM,Priya,I love your cute little laugh
12-05-2023,17:51 PM,Arun,I love your beautiful and radiant personality
12-05-2023,19:34 PM,Priya,The API is returning wrong response
12-05-2023,19:37 PM,Priya,I love the way you look at me
12-05-2023,19:57 PM,Priya,I need to prepare for the presentation
12-05-2023,20:02 PM,Priya,Your voice is so sweet and lovely
12-05-2023,21:29 PM,Arun,Can you check the error logs
12-05-2023,21:46 PM,Arun,I love your warm and gentle nature
12-05-2023,21:56 PM,Priya,Did you update the Excel sheet
12-05-2023,21:58 PM,Priya,The class starts at 9am sharp
12-05-2023,22:49 PM,Arun,The database connection is failing
12-05-2023,22:58 PM,Priya,You are my favorite person in the world
15-05-2023,8:46 AM,Priya,I get butterflies when I think of you
15-05-2023,12:02 PM,Priya,Can you share the document with me
15-05-2023,12:04 PM,Priya,You have a beautiful soul
15-05-2023,13:41 PM,Priya,The car needs to be serviced
15-05-2023,14:00 PM,Priya,You are so breathtakingly beautiful
15-05-2023,14:08 PM,Priya,Did you watch the news today
15-05-2023,14:35 PM,Priya,Did you update the software
15-05-2023,15:00 PM,Priya,I need to fix this bug before release
15-05-2023,18:47 PM,Arun,Your smile makes my day so much better
15-05-2023,21:25 PM,Arun,I love how you always inspire me
15-05-2023,22:50 PM,Priya,I love your kind and generous spirit
20-05-2023,9:38 AM,Arun,You are so exquisitely beautiful
20-05-2023,9:48 AM,Arun,I feel so happy when I am with you
20-05-2023,9:59 AM,Priya,I would love to take you out sometime
20-05-2023,10:29 AM,Priya,You are the most beautiful person inside and out
20-05-2023,11:16 AM,Arun,I love your sweet and caring nature
20-05-2023,11:26 AM,Priya,I have to travel to Chennai next week
20-05-2023,11:28 AM,Priya,Every moment with you feels magical
20-05-2023,11:41 AM,Priya,I love your smile so much
20-05-2023,11:43 AM,Arun,The electricity bill is due this week
20-05-2023,12:13 PM,Priya,I need to renew my subscription
20-05-2023,13:54 PM,Arun,You deleted this message
20-05-2023,13:57 PM,Priya,I need to call the doctor tomorrow
20-05-2023,14:55 PM,Priya,Can you pick up the kids from school
20-05-2023,16:29 PM,Arun,Can you review my code please
20-05-2023,17:16 PM,Arun,The office will be closed on Monday
20-05-2023,17:29 PM,Priya,You are absolutely stunning
20-05-2023,18:31 PM,Arun,You are so delightfully charming
20-05-2023,21:22 PM,Priya,You are always in my thoughts
25-05-2023,8:11 AM,Priya,Did you complete the homework
25-05-2023,9:13 AM,Arun,I miss you so much when you are not around
25-05-2023,9:24 AM,Priya,I feel so lucky to know you
25-05-2023,10:23 AM,Arun,You are the most precious thing in my life
25-05-2023,10:27 AM,Priya,I love your sweet and tender heart
25-05-2023,11:06 AM,Priya,I love how you always brighten my day
25-05-2023,11:11 AM,Priya,I need to buy a new charger
25-05-2023,12:21 PM,Arun,The new policy starts from next month
25-05-2023,12:27 PM,Priya,You brighten up my whole world
25-05-2023,13:14 PM,Priya,You are the reason I smile every day
25-05-2023,13:17 PM,Priya,I need to submit the form by Friday
25-05-2023,13:49 PM,Priya,Can you pass me the salt please
25-05-2023,14:15 PM,Arun,The hospital appointment is at 10am
25-05-2023,15:01 PM,Priya,I have to prepare the monthly report
25-05-2023,17:43 PM,Priya,The deployment failed due to an error
25-05-2023,18:05 PM,Priya,I have to attend the parent teacher meeting
25-05-2023,18:07 PM,Priya,You look absolutely beautiful today
25-05-2023,19:09 PM,Arun,<Media omitted>
25-05-2023,19:18 PM,Arun,Can you remind me about the appointment
25-05-2023,19:33 PM,Priya,<Media omitted>
25-05-2023,19:59 PM,Priya,I love your cute sense of humor
25-05-2023,20:23 PM,Arun,The code review is scheduled for tomorrow
25-05-2023,20:49 PM,Priya,The road is under construction near here
25-05-2023,22:48 PM,Priya,Did you charge your phone
01-06-2023,8:33 AM,Arun,I have to attend a seminar today
01-06-2023,8:35 AM,Arun,The supermarket is closed today
01-06-2023,8:37 AM,Arun,You are so magnificently beautiful
01-06-2023,8:42 AM,Priya,Did you pay the rent this month
01-06-2023,9:34 AM,Priya,I love your tender and loving heart
01-06-2023,9:40 AM,Priya,The project deadline is next week
01-06-2023,9:52 AM,Priya,The ATM is out of cash nearby
01-06-2023,11:03 AM,Arun,You are my dream come true
01-06-2023,17:27 PM,Arun,You are the most amazing person I have ever met
01-06-2023,18:15 PM,Priya,Can you check the schedule for tomorrow
01-06-2023,19:19 PM,Priya,You are the one I have been waiting for
01-06-2023,20:41 PM,Arun,I love how caring and sweet you are
01-06-2023,21:40 PM,Arun,I love talking to you for hours
01-06-2023,22:10 PM,Priya,Did you get the job offer letter
01-06-2023,22:25 PM,Arun,I need to deploy the application today
01-06-2023,22:40 PM,Arun,I wish I could be with you right now
10-06-2023,9:37 AM,Priya,I have to attend the technical interview
10-06-2023,9:54 AM,Arun,I get nervous every time I see you
10-06-2023,9:57 AM,Priya,You are the most lovable person I know
10-06-2023,10:09 AM,Priya,Did you backup your data
10-06-2023,10:12 AM,Arun,I love how you always make me laugh
10-06-2023,10:40 AM,Priya,You are so lovely and wonderful
10-06-2023,11:41 AM,Arun,Can you write the test cases
10-06-2023,14:57 PM,Arun,The project is almost complete
10-06-2023,15:20 PM,Priya,The build is failing since last night
10-06-2023,15:27 PM,Priya,You deleted this message
10-06-2023,16:02 PM,Arun,The bus was late again today
10-06-2023,16:07 PM,Arun,I love spending time with you
10-06-2023,17:30 PM,Arun,You are the most incredible person I know
10-06-2023,18:41 PM,Priya,You are the most extraordinary person I know
10-06-2023,19:09 PM,Arun,I need to install the new software
10-06-2023,19:27 PM,Priya,I love the way you laugh
10-06-2023,20:34 PM,Arun,You have the most charming personality
10-06-2023,20:36 PM,Priya,The release is scheduled for next week
10-06-2023,20:52 PM,Priya,Can you merge the pull request
10-06-2023,20:55 PM,Arun,You make my heart skip a beat
10-06-2023,20:55 PM,Arun,I love how you always know what to say
10-06-2023,22:16 PM,Priya,You are so splendidly beautiful
15-06-2023,9:46 AM,Arun,I love your warm and caring heart
15-06-2023,11:50 AM,Priya,You are simply perfect to me
15-06-2023,11:53 AM,Priya,I have to debug this error in the program
15-06-2023,13:27 PM,Priya,The wifi password has been changed
15-06-2023,14:42 PM,Priya,I love how you always believe in me
15-06-2023,15:14 PM,Priya,Can you help me with the SQL query
15-06-2023,15:57 PM,Priya,I love how you always understand me
15-06-2023,17:14 PM,Arun,You are so wonderfully amazing
15-06-2023,17:40 PM,Arun,I love how you make me feel special
15-06-2023,18:16 PM,Priya,Can you help me with this problem
15-06-2023,18:30 PM,Arun,I feel complete when I am with you
15-06-2023,18:43 PM,Arun,The quarterly review is next Monday
15-06-2023,19:12 PM,Arun,Did you check the server logs
15-06-2023,19:40 PM,Arun,I am so attracted to your personality
15-06-2023,20:29 PM,Priya,Missed voice call
20-06-2023,8:54 AM,Priya,<Media omitted>
20-06-2023,11:14 AM,Arun,I can't stop thinking about you
20-06-2023,11:59 AM,Arun,I love the way your eyes light up
20-06-2023,15:16 PM,Priya,I need to attend the training session
20-06-2023,16:55 PM,Arun,I cherish every moment we spend together
20-06-2023,17:27 PM,Priya,Did you get the package delivered
20-06-2023,17:51 PM,Priya,<Media omitted>
20-06-2023,20:01 PM,Arun,I have to document the new features
20-06-2023,20:57 PM,Priya,I have to cook dinner tonight
25-06-2023,8:00 AM,Arun,I am going to the gym after work
25-06-2023,9:41 AM,Arun,The client wants changes in the design
25-06-2023,9:59 AM,Arun,I love your radiant smile
25-06-2023,11:12 AM,Priya,I have a lot of work pending today
25-06-2023,12:18 PM,Arun,I need to buy groceries from the store
25-06-2023,13:59 PM,Arun,I love how you always make me feel special
25-06-2023,14:38 PM,Arun,I need to wake up early tomorrow
25-06-2023,15:15 PM,Priya,You are the one who makes life worth living
25-06-2023,16:18 PM,Priya,You are the highlight of my day
25-06-2023,17:38 PM,Arun,You are the most remarkable person I know
25-06-2023,17:54 PM,Priya,The water supply will be cut tomorrow
25-06-2023,18:17 PM,Arun,You are incredibly charming
25-06-2023,18:52 PM,Priya,You are simply the most amazing person ever
25-06-2023,19:21 PM,Priya,The traffic is really bad today
25-06-2023,19:44 PM,Priya,I have to submit the assignment tonight
25-06-2023,20:16 PM,Priya,Missed video call
25-06-2023,21:01 PM,Arun,The sprint ends this Friday
25-06-2023,21:10 PM,Priya,The exam results will come next week
